<?xml version="1.0" encoding="UTF-8"?>
<project-private xmlns="http://www.netbeans.org/ns/project-private/1">
    <editor-bookmarks xmlns="http://www.netbeans.org/ns/editor-bookmarks/2" lastBookmarkId="0"/>
    <open-files xmlns="http://www.netbeans.org/ns/projectui-open-files/2">
        <group>
            <file>file:/C:/Users/Administrator/Downloads/Oregano1%202%202%20(2)/Oregano1%202%202/Oregano1%202/Oregano1/Oregano/src/GUI/OrderGUI.java</file>
            <file>file:/C:/Users/Administrator/Downloads/Oregano1%202%202%20(2)/Oregano1%202%202/Oregano1%202/Oregano1/Oregano/src/makeyourownpizza/Main_Jframe.java</file>
            <file>file:/C:/Users/Administrator/Downloads/Oregano1%202%202%20(2)/Oregano1%202%202/Oregano1%202/Oregano1/Oregano/src/makeyourownpizza/Making_Frame.java</file>
        </group>
    </open-files>
</project-private>
